address	bytes	instruction
0x340CAB0	FF0301D1	sub sp, sp, #0x40
0x340CAB4	FE5702A9	stp x30, x21, [sp, #0x20]
0x340CAB8	F44F03A9	stp x20, x19, [sp, #0x30]
0x340CABC	35F201D0	adrp x21, #0x7252000
0x340CAC0	A8326F39	ldrb w8, [x21, #0xbcc]
0x340CAC4	F303012A	mov w19, w1
0x340CAC8	F40300AA	mov x20, x0
0x340CACC	C8030037	tbnz w8, #0, #0x340cb44
0x340CAD0	E0C301F0	adrp x0, #0x6c8b000
0x340CAD4	006042F9	ldr x0, [x0, #0x4c0]
0x340CAD8	E00BE897	bl #0x2e0fa58
0x340CADC	E0C40190	adrp x0, #0x6ca8000
0x340CAE0	00C442F9	ldr x0, [x0, #0x588]
0x340CAE4	DD0BE897	bl #0x2e0fa58
0x340CAE8	E0C40190	adrp x0, #0x6ca8000
0x340CAEC	00C842F9	ldr x0, [x0, #0x590]
0x340CAF0	DA0BE897	bl #0x2e0fa58
0x340CAF4	20C40190	adrp x0, #0x6c90000
0x340CAF8	00B042F9	ldr x0, [x0, #0x560]
0x340CAFC	D70BE897	bl #0x2e0fa58
0x340CB00	20C40190	adrp x0, #0x6c90000
0x340CB04	00AC44F9	ldr x0, [x0, #0x958]
0x340CB08	D40BE897	bl #0x2e0fa58
0x340CB0C	00C40190	adrp x0, #0x6c8c000
0x340CB10	002840F9	ldr x0, [x0, #0x50]
0x340CB14	D10BE897	bl #0x2e0fa58
0x340CB18	00C40190	adrp x0, #0x6c8c000
0x340CB1C	002C40F9	ldr x0, [x0, #0x58]
0x340CB20	CE0BE897	bl #0x2e0fa58
0x340CB24	E0C40190	adrp x0, #0x6ca8000
0x340CB28	00D042F9	ldr x0, [x0, #0x5a0]
0x340CB2C	CB0BE897	bl #0x2e0fa58
0x340CB30	E0C40190	adrp x0, #0x6ca8000
0x340CB34	00E842F9	ldr x0, [x0, #0x5d0]
0x340CB38	C80BE897	bl #0x2e0fa58
0x340CB3C	28008052	mov w8, #1
0x340CB40	A8322F39	strb w8, [x21, #0xbcc]
0x340CB44	FF0F00F9	str xzr, [sp, #0x18]
0x340CB48	801A40F9	ldr x0, [x20, #0x30]
0x340CB4C	A00800B4	cbz x0, #0x340cc60
0x340CB50	E8C40190	adrp x8, #0x6ca8000
0x340CB54	08C542F9	ldr x8, [x8, #0x588]
0x340CB58	E103132A	mov w1, w19
0x340CB5C	020140F9	ldr x2, [x8]
0x340CB60	3E5B7394	bl #0x50e3858
0x340CB64	A0020036	tbz w0, #0, #0x340cbb8
0x340CB68	801A40F9	ldr x0, [x20, #0x30]
0x340CB6C	A00700B4	cbz x0, #0x340cc60
0x340CB70	E8C40190	adrp x8, #0x6ca8000
0x340CB74	08C942F9	ldr x8, [x8, #0x590]
0x340CB78	E103132A	mov w1, w19
0x340CB7C	020140F9	ldr x2, [x8]
0x340CB80	915A7394	bl #0x50e35c4
0x340CB84	E00600B4	cbz x0, #0x340cc60
0x340CB88	084045F8	ldur x8, [x0, #0x54]
0x340CB8C	1F1D0072	tst w8, #0xff
0x340CB90	E80F00F9	str x8, [sp, #0x18]
0x340CB94	80050054	b.eq #0x340cc44
0x340CB98	08FD60D3	lsr x8, x8, #0x20
0x340CB9C	480500B4	cbz x8, #0x340cc44
0x340CBA0	08C40190	adrp x8, #0x6c8c000
0x340CBA4	082D40F9	ldr x8, [x8, #0x58]
0x340CBA8	E0630091	add x0, sp, #0x18
0x340CBAC	010140F9	ldr x1, [x8]
0x340CBB0	87464C94	bl #0x471e5cc
0x340CBB4	27000014	b #0x340cc50
0x340CBB8	7F120071	cmp w19, #4
0x340CBBC	00040054	b.eq #0x340cc3c
0x340CBC0	28C40190	adrp x8, #0x6c90000
0x340CBC4	08B142F9	ldr x8, [x8, #0x560]
0x340CBC8	09008092	mov x9, #-1
0x340CBCC	E0030091	mov x0, sp
0x340CBD0	E1031FAA	mov x1, xzr
0x340CBD4	080140F9	ldr x8, [x8]
0x340CBD8	F31300B9	str w19, [sp, #0x10]
0x340CBDC	E82700A9	stp x8, x9, [sp]
0x340CBE0	C9029B94	bl #0x5acd704
0x340CBE4	E8C40190	adrp x8, #0x6ca8000
0x340CBE8	08E942F9	ldr x8, [x8, #0x5d0]
0x340CBEC	E9C40190	adrp x9, #0x6ca8000
0x340CBF0	29D142F9	ldr x9, [x9, #0x5a0]
0x340CBF4	E10300AA	mov x1, x0
0x340CBF8	080140F9	ldr x8, [x8]
0x340CBFC	E3031FAA	mov x3, xzr
0x340CC00	220140F9	ldr x2, [x9]
0x340CC04	E00308AA	mov x0, x8
0x340CC08	BDEC9394	bl #0x5907efc
0x340CC0C	E8C301F0	adrp x8, #0x6c8b000
0x340CC10	086142F9	ldr x8, [x8, #0x4c0]
0x340CC14	F30300AA	mov x19, x0
0x340CC18	080140F9	ldr x8, [x8]
0x340CC1C	09E140B9	ldr w9, [x8, #0xe0]
0x340CC20	69000035	cbnz w9, #0x340cc2c
0x340CC24	E00308AA	mov x0, x8
0x340CC28	E90BE897	bl #0x2e0fbcc
0x340CC2C	E00313AA	mov x0, x19
0x340CC30	E1031FAA	mov x1, xzr
0x340CC34	E2031FAA	mov x2, xzr
0x340CC38	01A21A94	bl #0x3ab543c
0x340CC3C	E0031F2A	mov w0, wzr
0x340CC40	04000014	b #0x340cc50
0x340CC44	E00314AA	mov x0, x20
0x340CC48	E103132A	mov w1, w19
0x340CC4C	C6FEFF97	bl #0x340c764
0x340CC50	F44F43A9	ldp x20, x19, [sp, #0x30]
0x340CC54	FE5742A9	ldp x30, x21, [sp, #0x20]
0x340CC58	FF030191	add sp, sp, #0x40
0x340CC5C	C0035FD6	ret
0x340CC60	210CE897	bl #0x2e0fce4
