target_rva	target_end_rva	owner	method	signature_unchanged	target_size	differing_words	non_pc_relative_differing_words	evidence	status
0x3882170	0x38822BC	ButtonManager	GetButton	true	332	14	4	arm64/03882170__ButtonManager__GetButton.arm64.tsv	mapped
0x38824E0	0x3882704	ButtonManager	GetPlayButton	true	548	20	4	arm64/038824e0__ButtonManager__GetPlayButton.arm64.tsv	mapped
0x3883858	0x38839B4	ButtonManager	calcNearestButton	true	348	24	9	arm64/03883858__ButtonManager__calcNearestButton.arm64.tsv	mapped
0x38839B4	0x3883B28	ButtonManager	calcSecondNearButton	true	372	24	9	arm64/038839b4__ButtonManager__calcSecondNearButton.arm64.tsv	mapped
0x3883B28	0x3883CB0	ButtonManager	calcThirdNearButton	true	392	24	9	arm64/03883b28__ButtonManager__calcThirdNearButton.arm64.tsv	mapped
0x387E7F0	0x387E9B8	GamePlayButton	.ctor	true	456	36	8	arm64/0387e7f0__GamePlayButton___ctor.arm64.tsv	mapped
0x387D064	0x387D1C8	GamePlayButton	CalculateTouchEndedJudge	true	356	15	6	arm64/0387d064__GamePlayButton__CalculateTouchEndedJudge.arm64.tsv	mapped
0x387C784	0x387CA38	GamePlayButton	ExecTouchBegan	true	692	35	14	arm64/0387c784__GamePlayButton__ExecTouchBegan.arm64.tsv	mapped
0x387CEB0	0x387CFD4	GamePlayButton	ExecTouchEnded	true	292	11	4	arm64/0387ceb0__GamePlayButton__ExecTouchEnded.arm64.tsv	mapped
0x387CD9C	0x387CEB0	GamePlayButton	ExecTouchMoved	true	276	11	4	arm64/0387cd9c__GamePlayButton__ExecTouchMoved.arm64.tsv	mapped
0x387C6E0	0x387C71C	GamePlayButton	GetTouchBeganNote	true	60	2	0	arm64/0387c6e0__GamePlayButton__GetTouchBeganNote.arm64.tsv	mapped
0x387D1C8	0x387DFD4	GamePlayButton	Setup	true	3596	250	87	arm64/0387d1c8__GamePlayButton__Setup.arm64.tsv	mapped
0x387C71C	0x387C784	GamePlayButton	setTouchBeganNote	true	104	6	0	arm64/0387c71c__GamePlayButton__setTouchBeganNote.arm64.tsv	mapped
0x32FBC6C	0x32FBE14	InGameManager	onJudgeNote	true	424	10	4	arm64/032fbc6c__InGameManager__onJudgeNote.arm64.tsv	mapped
0x3303FF0	0x33044FC	InGameOneFrameJudgementController	ReflectOneFrameData	true	1292	25	9	arm64/03303ff0__InGameOneFrameJudgementController__ReflectOneFrameData.arm64.tsv	mapped
0x3312A00	0x3312A80	InputManager	.ctor	true	128	10	4	arm64/03312a00__InputManager___ctor.arm64.tsv	mapped
0x3312AE4	0x3312B80	InputManager	ExecInput	true	156	1	0	arm64/03312ae4__InputManager__ExecInput.arm64.tsv	mapped
0x3312A80	0x3312AE4	InputManager	InitData	true	100	3	0	arm64/03312a80__InputManager__InitData.arm64.tsv	mapped
0x3313370	0x3313460	InputManager	inputButton	true	240	13	5	arm64/03313370__InputManager__inputButton.arm64.tsv	mapped
0x3312D20	0x3313090	InputManager	inputPlaying	true	880	44	7	arm64/03312d20__InputManager__inputPlaying.arm64.tsv	mapped
0x3A74CBC	0x3A74F1C	NoteBase	Deactivate	true	608	38	18	arm64/03a74cbc__NoteBase__Deactivate.arm64.tsv	mapped
0x3A75B1C	0x3A75B84	NoteBase	IsContainsButton	true	104	2	0	arm64/03a75b1c__NoteBase__IsContainsButton.arm64.tsv	mapped
0x3A754B8	0x3A754C0	NoteBase	SetFingerId	true	8	0	0	arm64/03a754b8__NoteBase__SetFingerId.arm64.tsv	mapped
0x3A75F70	0x3A75F80	NoteBase	getAddCombo	true	16	0	0	arm64/03a75f70__NoteBase__getAddCombo.arm64.tsv	mapped
0x3A754B0	0x3A754B8	NoteBase	get_FingerId	true	8	0	0	arm64/03a754b0__NoteBase__get_FingerId.arm64.tsv	mapped
0x30E900C	0x30E90E0	NoteDirectionalFlick	ExecTouchMoved	true	212	3	1	arm64/030e900c__NoteDirectionalFlick__ExecTouchMoved.arm64.tsv	mapped
0x30E924C	0x30E9338	NoteDirectionalFlick	getForcePerfectFlickTouchPosX	true	236	22	8	arm64/030e924c__NoteDirectionalFlick__getForcePerfectFlickTouchPosX.arm64.tsv	mapped
0x30E91A0	0x30E91C8	NoteDirectionalFlick	judgeDirectionalFlickSucceeded	true	40	2	1	arm64/030e91a0__NoteDirectionalFlick__judgeDirectionalFlickSucceeded.arm64.tsv	mapped
0x30E91C8	0x30E924C	NoteDirectionalFlick	onFinishJudgeFrontNote	true	132	4	0	arm64/030e91c8__NoteDirectionalFlick__onFinishJudgeFrontNote.arm64.tsv	mapped
0x30E90E0	0x30E91A0	NoteDirectionalFlick	shouldJudgeDirectionalFlick	true	192	14	6	arm64/030e90e0__NoteDirectionalFlick__shouldJudgeDirectionalFlick.arm64.tsv	mapped
0x30E9E20	0x30E9E98	NoteFlick	ExecTouchMoved	true	120	4	1	arm64/030e9e20__NoteFlick__ExecTouchMoved.arm64.tsv	mapped
0x30E9E98	0x30E9EA4	NoteFlick	getForcePerfectFlickTouchPosX	true	12	0	0	arm64/030e9e98__NoteFlick__getForcePerfectFlickTouchPosX.arm64.tsv	mapped
0x3A7699C	0x3A769A4	NoteFlickBase	.ctor	true	8	1	0	arm64/03a7699c__NoteFlickBase___ctor.arm64.tsv	mapped
0x3A768C0	0x3A76908	NoteFlickBase	ExecTouchBegan	true	72	0	0	arm64/03a768c0__NoteFlickBase__ExecTouchBegan.arm64.tsv	mapped
0x3A7690C	0x3A76910	NoteFlickBase	ExecTouchEnded	true	4	0	0	arm64/03a7690c__NoteFlickBase__ExecTouchEnded.arm64.tsv	mapped
0x3A76908	0x3A7690C	NoteFlickBase	ExecTouchMoved	true	4	0	0	arm64/03a76908__NoteFlickBase__ExecTouchMoved.arm64.tsv	mapped
0x3A76878	0x3A768C0	NoteFlickBase	WaitState	true	72	1	0	arm64/03a76878__NoteFlickBase__WaitState.arm64.tsv	mapped
0x3A76910	0x3A7698C	NoteFlickBase	forcePerfect	true	124	2	0	arm64/03a76910__NoteFlickBase__forcePerfect.arm64.tsv	mapped
0x3A76994	0x3A7699C	NoteFlickBase	getForcePerfectFlickTouchPosX	true	8	0	0	arm64/03a76994__NoteFlickBase__getForcePerfectFlickTouchPosX.arm64.tsv	mapped
0x3A7698C	0x3A76994	NoteFlickBase	resetFrameCounter	true	8	0	0	arm64/03a7698c__NoteFlickBase__resetFrameCounter.arm64.tsv	mapped
0x30DFFD4	0x30E0130	NoteFrontBase	calculateScreenPosToWorldDistanceRate	true	348	18	8	arm64/030dffd4__NoteFrontBase__calculateScreenPosToWorldDistanceRate.arm64.tsv	mapped
0x30E0130	0x30E05F0	NoteFrontBase	judgeFrontNote	true	1216	66	23	arm64/030e0130__NoteFrontBase__judgeFrontNote.arm64.tsv	mapped
0x30EC1C0	0x30EC1C4	NoteLong	.ctor	true	4	0	0	arm64/030ec1c0__NoteLong___ctor.arm64.tsv	mapped
0x30EA690	0x30EA764	NoteLong	Deactivate	true	212	11	4	arm64/030ea690__NoteLong__Deactivate.arm64.tsv	mapped
0x30EAEDC	0x30EB148	NoteLong	ExecTouchBegan	true	620	39	14	arm64/030eaedc__NoteLong__ExecTouchBegan.arm64.tsv	mapped
0x30EB854	0x30EB8D0	NoteLong	ExecTouchEnded	true	124	4	0	arm64/030eb854__NoteLong__ExecTouchEnded.arm64.tsv	mapped
0x30EB210	0x30EB6EC	NoteLong	ExecTouchMoved	true	1244	47	15	arm64/030eb210__NoteLong__ExecTouchMoved.arm64.tsv	mapped
0x30EA7C4	0x30EA7F4	NoteLong	ExecuteAfterUpdate	true	48	2	0	arm64/030ea7c4__NoteLong__ExecuteAfterUpdate.arm64.tsv	mapped
0x30EBE10	0x30EBEBC	NoteLong	FadeoutLongNoteSound	true	172	12	5	arm64/030ebe10__NoteLong__FadeoutLongNoteSound.arm64.tsv	mapped
0x30EAA40	0x30EAAC0	NoteLong	MoveState	true	128	4	0	arm64/030eaa40__NoteLong__MoveState.arm64.tsv	mapped
0x30EA7F4	0x30EA8E4	NoteLong	OnUpdate	true	240	10	0	arm64/030ea7f4__NoteLong__OnUpdate.arm64.tsv	mapped
0x30EACD8	0x30EAE08	NoteLong	StopState	true	304	18	4	arm64/030eacd8__NoteLong__StopState.arm64.tsv	mapped
0x30EAB88	0x30EAC6C	NoteLong	WaitState	true	228	12	4	arm64/030eab88__NoteLong__WaitState.arm64.tsv	mapped
0x30EAE08	0x30EAEDC	NoteLong	execOverStopState	true	212	12	4	arm64/030eae08__NoteLong__execOverStopState.arm64.tsv	mapped
0x30EAC6C	0x30EACD8	NoteLong	execOverWaitState	true	108	0	0	arm64/030eac6c__NoteLong__execOverWaitState.arm64.tsv	mapped
0x30EAAC0	0x30EAB88	NoteLong	forcePerfectMoveState	true	200	11	4	arm64/030eaac0__NoteLong__forcePerfectMoveState.arm64.tsv	mapped
0x30EA8E4	0x30EAA40	NoteLong	forcePerfectOnUpdate	true	348	15	6	arm64/030ea8e4__NoteLong__forcePerfectOnUpdate.arm64.tsv	mapped
0x30EB8D0	0x30EBE10	NoteLong	judgeAfterNote	true	1344	48	18	arm64/030eb8d0__NoteLong__judgeAfterNote.arm64.tsv	mapped
0x30EB800	0x30EB854	NoteLong	judgeDirectionalFlickSucceeded	true	84	2	1	arm64/030eb800__NoteLong__judgeDirectionalFlickSucceeded.arm64.tsv	mapped
0x30EC164	0x30EC1B4	NoteLong	onMiss	true	80	3	0	arm64/030ec164__NoteLong__onMiss.arm64.tsv	mapped
0x30EB6EC	0x30EB800	NoteLong	shouldJudgeDirectionalFlick	true	276	24	9	arm64/030eb6ec__NoteLong__shouldJudgeDirectionalFlick.arm64.tsv	mapped
0x377702C	0x3777408	NoteManager	GetMoveEndTimeNearestZeroNote	true	988	52	11	arm64/0377702c__NoteManager__GetMoveEndTimeNearestZeroNote.arm64.tsv	mapped
0x30ED770	0x30ED774	NoteMultipleDirectionalFlick	.ctor	true	4	0	0	arm64/030ed770__NoteMultipleDirectionalFlick___ctor.arm64.tsv	mapped
0x30ED270	0x30ED318	NoteMultipleDirectionalFlick	ChangeLeftNoteUsed	true	168	12	4	arm64/030ed270__NoteMultipleDirectionalFlick__ChangeLeftNoteUsed.arm64.tsv	mapped
0x30ED318	0x30ED3C0	NoteMultipleDirectionalFlick	ChangeRightNoteUsed	true	168	12	4	arm64/030ed318__NoteMultipleDirectionalFlick__ChangeRightNoteUsed.arm64.tsv	mapped
0x30EC6BC	0x30EC6F8	NoteMultipleDirectionalFlick	ExecTouchBegan	true	60	1	0	arm64/030ec6bc__NoteMultipleDirectionalFlick__ExecTouchBegan.arm64.tsv	mapped
0x30EC820	0x30EC9E8	NoteMultipleDirectionalFlick	ExecTouchMoved	true	456	16	5	arm64/030ec820__NoteMultipleDirectionalFlick__ExecTouchMoved.arm64.tsv	mapped
0x30EC3A8	0x30EC484	NoteMultipleDirectionalFlick	changeSideNoteUsed	true	220	14	4	arm64/030ec3a8__NoteMultipleDirectionalFlick__changeSideNoteUsed.arm64.tsv	mapped
0x30ECA54	0x30ECA8C	NoteMultipleDirectionalFlick	getMultipleDirectionalFlickNoteCount	true	56	0	0	arm64/030eca54__NoteMultipleDirectionalFlick__getMultipleDirectionalFlickNoteCount.arm64.tsv	mapped
0x3219BE8	0x3219C6C	NoteNormal	ExecTouchBegan	true	132	2	0	arm64/03219be8__NoteNormal__ExecTouchBegan.arm64.tsv	mapped
0x30E09F0	0x30E09F4	NoteSingleBase	.ctor	true	4	0	0	arm64/030e09f0__NoteSingleBase___ctor.arm64.tsv	mapped
0x30E07DC	0x30E090C	NoteSingleBase	MoveState	true	304	11	4	arm64/030e07dc__NoteSingleBase__MoveState.arm64.tsv	mapped
0x30E097C	0x30E09F0	NoteSingleBase	forcePerfect	true	116	8	4	arm64/030e097c__NoteSingleBase__forcePerfect.arm64.tsv	mapped
0x30E090C	0x30E097C	NoteSingleBase	onMiss	true	112	3	0	arm64/030e090c__NoteSingleBase__onMiss.arm64.tsv	mapped
0x321F674	0x321F9A0	NoteSlide	.ctor	true	812	66	22	arm64/0321f674__NoteSlide___ctor.arm64.tsv	mapped
0x321BA8C	0x321C190	NoteSlide	ExecTouchBegan	true	1796	61	23	arm64/0321ba8c__NoteSlide__ExecTouchBegan.arm64.tsv	mapped
0x321E3F4	0x321E90C	NoteSlide	ExecTouchEnded	true	1304	44	10	arm64/0321e3f4__NoteSlide__ExecTouchEnded.arm64.tsv	mapped
0x321C664	0x321D8B0	NoteSlide	ExecTouchMoved	true	4684	130	46	arm64/0321c664__NoteSlide__ExecTouchMoved.arm64.tsv	mapped
0x321EF00	0x321EF84	NoteSlide	ExecuteAfterUpdate	true	132	10	5	arm64/0321ef00__NoteSlide__ExecuteAfterUpdate.arm64.tsv	mapped
0x321E90C	0x321E9B8	NoteSlide	FadeoutSlideNoteSound	true	172	12	5	arm64/0321e90c__NoteSlide__FadeoutSlideNoteSound.arm64.tsv	mapped
0x321B118	0x321B310	NoteSlide	MoveState	true	504	23	4	arm64/0321b118__NoteSlide__MoveState.arm64.tsv	mapped
0x321AB5C	0x321AC60	NoteSlide	OnUpdate	true	260	11	5	arm64/0321ab5c__NoteSlide__OnUpdate.arm64.tsv	mapped
0x321F270	0x321F3D0	NoteSlide	RefreshAfterMoveTime	true	352	15	6	arm64/0321f270__NoteSlide__RefreshAfterMoveTime.arm64.tsv	mapped
0x321B69C	0x321B954	NoteSlide	StopState	true	696	39	9	arm64/0321b69c__NoteSlide__StopState.arm64.tsv	mapped
0x321B414	0x321B628	NoteSlide	WaitState	true	532	37	13	arm64/0321b414__NoteSlide__WaitState.arm64.tsv	mapped
0x321E9B8	0x321EC88	NoteSlide	afterNoteJudge	true	720	17	7	arm64/0321e9b8__NoteSlide__afterNoteJudge.arm64.tsv	mapped
0x321E0C4	0x321E218	NoteSlide	deactivate	true	340	20	7	arm64/0321e0c4__NoteSlide__deactivate.arm64.tsv	mapped
0x321B628	0x321B69C	NoteSlide	execOverWaitState	true	116	7	4	arm64/0321b628__NoteSlide__execOverWaitState.arm64.tsv	mapped
0x321B310	0x321B414	NoteSlide	forcePerfectMoveState	true	260	15	4	arm64/0321b310__NoteSlide__forcePerfectMoveState.arm64.tsv	mapped
0x321AED8	0x321B118	NoteSlide	forcePerfectOnUpdate	true	576	26	9	arm64/0321aed8__NoteSlide__forcePerfectOnUpdate.arm64.tsv	mapped
0x321B954	0x321BA8C	NoteSlide	forcePerfectStopState	true	312	20	6	arm64/0321b954__NoteSlide__forcePerfectStopState.arm64.tsv	mapped
0x321DB2C	0x321DDB0	NoteSlide	intermediateNoteJudge	true	644	17	7	arm64/0321db2c__NoteSlide__intermediateNoteJudge.arm64.tsv	mapped
0x321D8B0	0x321D96C	NoteSlide	isIntermediateNote	true	188	12	6	arm64/0321d8b0__NoteSlide__isIntermediateNote.arm64.tsv	mapped
0x321E39C	0x321E3F4	NoteSlide	judgeDirectionalFlickSucceeded	true	88	2	1	arm64/0321e39c__NoteSlide__judgeDirectionalFlickSucceeded.arm64.tsv	mapped
0x321EE48	0x321EF00	NoteSlide	killFromInvisibleNotesToVisibleNote	true	184	11	4	arm64/0321ee48__NoteSlide__killFromInvisibleNotesToVisibleNote.arm64.tsv	mapped
0x321EC88	0x321EE48	NoteSlide	onMiss	true	448	15	6	arm64/0321ec88__NoteSlide__onMiss.arm64.tsv	mapped
0x321F47C	0x321F54C	NoteSlide	onMissAfterNote	true	208	10	4	arm64/0321f47c__NoteSlide__onMissAfterNote.arm64.tsv	mapped
0x321F3D0	0x321F47C	NoteSlide	refreshTargetButton	true	172	12	4	arm64/0321f3d0__NoteSlide__refreshTargetButton.arm64.tsv	mapped
0x321E288	0x321E39C	NoteSlide	shouldJudgeDirectionalFlick	true	276	22	9	arm64/0321e288__NoteSlide__shouldJudgeDirectionalFlick.arm64.tsv	mapped
0x321AC60	0x321AED8	NoteSlide	slidingMove	true	632	36	10	arm64/0321ac60__NoteSlide__slidingMove.arm64.tsv	mapped
0x377EDD4	0x377EE28	NoteUtility	.cctor	true	84	7	4	arm64/0377edd4__NoteUtility___cctor.arm64.tsv	mapped
0x3777408	0x3777560	NoteUtility	CalcNoteResultType	true	344	14	6	arm64/03777408__NoteUtility__CalcNoteResultType.arm64.tsv	mapped
0x377E79C	0x377E7B8	NoteUtility	CalculateSlideNoteJudgeTiming	true	28	0	0	arm64/0377e79c__NoteUtility__CalculateSlideNoteJudgeTiming.arm64.tsv	mapped
0x377E654	0x377E6C0	NoteUtility	CollisionSquared	true	108	11	5	arm64/0377e654__NoteUtility__CollisionSquared.arm64.tsv	mapped
0x377E224	0x377E35C	NoteUtility	GetResult	true	312	10	5	arm64/0377e224__NoteUtility__GetResult.arm64.tsv	mapped
0x377E064	0x377E108	NoteUtility	GetSecWithDistance	true	164	11	6	arm64/0377e064__NoteUtility__GetSecWithDistance.arm64.tsv	mapped
0x377E42C	0x377E52C	NoteUtility	IsInsideTargetNoteButtons	true	256	10	4	arm64/0377e42c__NoteUtility__IsInsideTargetNoteButtons.arm64.tsv	mapped
0x377E370	0x377E42C	NoteUtility	JudgeNote	true	188	8	4	arm64/0377e370__NoteUtility__JudgeNote.arm64.tsv	mapped
0x377E52C	0x377E654	NoteUtility	isInsideTargetNoteButton	true	296	19	7	arm64/0377e52c__NoteUtility__isInsideTargetNoteButton.arm64.tsv	mapped
0x32F29CC	0x32F2AB8	OneFrameData	Setup	true	236	1	0	arm64/032f29cc__OneFrameData__Setup.arm64.tsv	mapped
0x3223820	0x3223978	SlideNoteManager	GetNearJudgeLineNote	true	344	20	4	arm64/03223820__SlideNoteManager__GetNearJudgeLineNote.arm64.tsv	mapped
0x321D96C	0x321DB2C	SlideNoteManager	Judge	true	448	17	7	arm64/0321d96c__SlideNoteManager__Judge.arm64.tsv	mapped
0x321AB00	0x321AB5C	SlideNoteManager	get_VirtualPerfectLine	true	92	7	4	arm64/0321ab00__SlideNoteManager__get_VirtualPerfectLine.arm64.tsv	mapped
0x3223DB0	0x3223E64	SlideNoteManager	removeNoneJudgeData	true	180	15	7	arm64/03223db0__SlideNoteManager__removeNoneJudgeData.arm64.tsv	mapped
0x32235E4	0x3223820	SlideNoteManager	setupJudgeDictionary	true	572	49	19	arm64/032235e4__SlideNoteManager__setupJudgeDictionary.arm64.tsv	mapped
0x3223978	0x3223BB4	SlideNoteManager	setupPositionEmptyJudgeDataList	true	572	36	10	arm64/03223978__SlideNoteManager__setupPositionEmptyJudgeDataList.arm64.tsv	mapped
0x3223C98	0x3223DB0	SlideNoteManager	setupPositionJudgeDataList	true	280	11	4	arm64/03223c98__SlideNoteManager__setupPositionJudgeDataList.arm64.tsv	mapped
